{
    "duration": {
        "mean": [
            6.290580656476255,
            1.3468258144419714
        ],
        "std": [
            5.651873593701865,
            1.8831360380532352
        ]
    },
    "mel": {
        "mean": [
            -4.7032,
            0.5335
        ],
        "std": [
            1.9784,
            0.3728
        ]
    },
    "audio": {
        "mean": [
            -0.0001225700689246878,
            0.006201513577252626
        ],
        "std": [
            0.06531499326229095,
            0.024475544691085815
        ]
    },
    "energy": {
        "mean": [
            0.0953,
            0.06539852172136307
        ],
        "std": [
            0.0870,
            0.07560747861862183
        ]
    },
    "pitch": {
        "mean": [
            178.1477,
            59.936580657958984
        ],
        "std": [
            87.5709,
            26.240467071533203
        ]
    },
    "srmr": {
        "mean": [
            8.2282,
            3.327767965347227
        ],
        "std": [
            9.5604,
            4.109248804372859
        ]
    },
    "snr": {
        "mean": [
            23.377848909301242,
            2.5477578879627387
        ],
        "std": [
            9.424729594730907,
            2.6129261337655443
        ]
    }
}

