{
    "pitch": {
        "mean": 91.42578,
        "std": 94.93581
    },
    "energy": {
        "mean": 0.092206314,
        "std": 0.09040901
    },
    "srmr": {
        "mean": 9.438496521545515,
        "std": 12.665836339122535
    },
    "snr": {
        "mean": 24.40272748802681,
        "std": 28.069618574143846
    },
    "duration": {
        "mean": 4.9033311291969826,
        "std": 4.793017975164098
    },
    "mel": {
        "mean": -0.19927863776683807,
        "std": 1.0958075523376465
    }
}