{
    "duration": {
        "mean": [
            6.290580656476255,
            1.3468258144419714
        ],
        "std": [
            5.651873593701865,
            1.8831360380532352
        ]
    },
    "mel": {
        "mean": [
            -0.19927863776683807,
            0.14492008090019226
        ],
        "std": [
            1.0958075523376465,
            0.06605019420385361
        ]
    },
    "audio": {
        "mean": [
            -0.0001225700689246878,
            0.006201513577252626
        ],
        "std": [
            0.06531499326229095,
            0.024475544691085815
        ]
    },
    "energy": {
        "mean": [
            0.7769818902015686,
            0.06539852172136307
        ],
        "std": [
            0.6495095491409302,
            0.07560747861862183
        ]
    },
    "pitch": {
        "mean": [
            176.343505859375,
            59.936580657958984
        ],
        "std": [
            42.223175048828125,
            26.240467071533203
        ]
    },
    "srmr": {
        "mean": [
            8.973273464236376,
            3.327767965347227
        ],
        "std": [
            8.90806851223852,
            4.109248804372859
        ]
    },
    "snr": {
        "mean": [
            23.377848909301242,
            2.5477578879627387
        ],
        "std": [
            9.424729594730907,
            2.6129261337655443
        ]
    }
}

